contract_address,source_code_hash
0x6eaf209c9198336ba3c17af7491d68051e351906,55217bd536f654f4bd8509cb3dbc6b4a
0x47ddc6434c35ecd17443ba52b0f7280281b12b25,6487f23900540e16319ae886369c9a28
0xaffdff710ff020f26c36c5117df549739296926b,be33ad5ccae73fcdec7966d7394be302
0x4e59dfe7c5d34c498cfe18f0b6db10941d6e1a8a,4078912c62f111b58d57e80f37e5ccac
0x5b3d8e35c26993da6dd6582cd55ae304b35fba91,6ea0dd767c2b0bf744a1e79664f0e0b6
0x83e986432ecfcca4fb519ba476080e115697d1fb,3774da8c3e2cff875d761f141c468572
0x9bde098be22658d057c3f1f185e3fd4653e2fbd1,e395a56895f60fc94014908ca9abd02e
0x049a789c6ff9fd1c0950e2ebff3d7fbe257f2d43,2749ebf6045832f7bb5f9a7d67316831
0x5bab9eec479b1991455a89562a2cc7c274c5f95e,53d71985b285a4e946514439792bfb51
0xf3b89796724a8dba76c32f885506c20e9f480521,40003f2746fc960168163ba84414d326
0x395e07e30d3039767b76248cebb93eaf753055bb,92663cfcb3c38e813dcd293289cd1984
0x4bf33ddbce956f05eb302a418fab011fdaa0fc99,dc668b5e93d5d00915a974c170af715f
0x7dba8652eb10c8bd5d91ec5fe87ea927c7905387,07e7c8198b96260c76b7a391e418868f
0xa14ee46289b24e12919e7d16daccfa7b2df159e5,085dd15b7d64239fcc2935c4c312a787
0x6255c8e59afa969387e240dddfc7f75c53d9d8ce,8d8a1ec1822ee73e31def25a96776678
0x5b2d46b0ee6ca5042b3b60b6c7e164b5d8cbd1ab,08950fab2755136c22675ffd4b800681
0x17a43c61aa9b5a558f97c63a278d04577b409934,cbb08bf50959366429d648dad909a82f
0xba749c748078a7a58a402d2f012b534de3bfb9b8,6859dee96fc041103c511d9790ce2c84
0x3c919d30286c6407c1e59d9fc05b45db81e6257c,dd976dd3bed4c0fd437f8b9b93c6742c
0xb7d1cfaf305fa3070e5d26c3b740086044d266cb,e0630ec32d88a7a531481e86d2e7ea53
0x6744e432d861d9daae4eb3f2523c4f5bf424993f,affdcf5b7ede88828092091b0408bbd6
0x9749877ec90b9deb6955c6dcd5e80c73ba41b85b,afa6ccf610ae6ac5ae4fb106953d845e
0x5abacba21f6469751898b190c79b97519a7f8970,2a266456b031f43d1bf6d0023ae36aef
0xa5d88b756115ebddd7ffb212a6d6c64a6a244244,e41f567186a22a50fe6a3087c58c7e05
0x1ceb5cb57c4d4e2b2433641b95dd330a33185a44,093a5e5a1141a5c74761aaeb945cd288
0xe218f275475a1eb5dde119bcb2ec5f9bfd3ac513,771a84880f5d024e4fe158a2aa96b612
0x005be260765dcef781571472c4342816c3c3392e,8f0499da8512804fdcddbe4dd1275c0c
0x5d768e814f6cb71fe8f8d651054b9ad90a3d6826,efd67ada61399b0d887cfd5e1ba4f9a7
0xdeb7033fd6f6648de4926bad8368a397ad8f3ca8,2d061401001937835bb68b663a9b0cfe
0x47cbdc064740aab8ec8d6460b22ebf83ecdf0f2a,63a3c6b1e2e132f62787ba12b3ee7ede
0x030aeceb6d4f688381568ab5322370ec46a889df,9d21736553245c2e0b2c1cf35cf8f0b8
0xc89b4a8a121dd3e726fe7515e703936cf83e3350,e0de3a8eb411e12154d830ccc1648d55
0xaf8fc814832ab1b27cc6c8e6a07c1105bd07232c,95c13071ec111d9ae3f77a496d9ce320
0xe4a8a554a49e874673a7c1cca6c0553e4ab0391f,329056aaf1c8313629421a479cd6de4b
0xe75e3ef625c550c460534fe3def40246e7f51f86,05cd0f860b620e30abf02c1b4ca35437
0x6bef3353cd4de97af0b6eca10921ef0f03b2fc51,5b561b5ab9d96f15cf8dc170fb30787f
0xadee46d024308dc40867f25d931b6cecd7292d3c,7929a61ad719103ed4a87751d782ccb7
0xfa15c08f030345bb6bab75ded36590d6e5fb5541,6628b0bfdd914ebb093587c92f8fe157
0xd50825f50384bc40d5a10118996ef503b3670afd,18d9ae0c5035bd454c33f4132e1164ff
0x539110450161386124d954b36391f983347c0b17,7a64e6d2211a2651708d9d19eb58912a
0x1b56b95e9afa7e895d6fa477b364ae8f3d7524bf,7e4479c166180abd39f43d98aaa6e6b5
0xab710eab92593205777010dabaa5068eea763c56,34653aeeab32d904ea7a8512e96c33d4
0x164bfb6460bac038104ef14fe670e6e07740b0b5,432f536e4f1b58e54c71311ab7c569cf
0xd585e1f16d9bd79f89d78f12d93b5cc7a1a961c8,9cd505ffadf0b82f244c727c62fc7d75
0x97eff99f175d1277551a86ab4b39f3a665e6d0a3,5c7dfdea710c7688b90a07caace219f9
0xd05ad8c6203359f04409324c3f36e50856580e38,0aecb959d3d0cdd41af752c2947bb359
0xd6f84df8b692564bbd3773f79b53a1d62b0fd793,8892ffcb62faf4618fdc8cdd9e1ba00d
0x52db203aef43f4138f6abc19179ecaf8739a1f81,9cd258211ae256822d1543e4201ff809
0x7d98b8b19b8dd48f982d1c8738b565d09d136b27,b7cb2f1bdab4bcaeb27f4c3f832bc45f
0xbf654029ff81840823e2d14e1e3b1ac1a4e06a8a,c28c5fffebc8c3b5a49a255219b479f6
0x9a785d94ddfe903ff54b7f6eab824029c0c4d59a,a0c929438990af75474ab2246c44c76a
0x13b72aefb9e7f0055fa5170f90f8da6b83dc23b1,138fa5be833d7d122b8a333a35499b3b
0xfff11417a58781d3c72083cb45ef54d79cd02437,711795e33ba3358905843c0ff859e3c4
0x5b487e3fcd7660d59f5af7cd6e56d6708a4b40ce,215b71d5bf8cb4b07b8c94764e0c4e6b
0x0efc943dbc6f9467cf1df7cb92162a8ef9de26f3,d1c826ba5d0caee273d9dd66ff2dc55b
0x11f4a165f077186123b10444c14c01b68a770140,bad78abb0084c4a6dff568055a765b1a
0x35c303e4be90422e03365b18ad59de02f7e85ff0,f741b398a6d639ae6b47191f6a85d3f4
0xa5874b6223c533be1b93aba1328a0582b1c6a863,35734167a94f861e9f44b5c76498db99
0x318e8c7da8af285b5b99ea7e77de570a693bad1e,8bdcfd020624b57abb76a639c22ad144
0xaa17633aa5a3cb56698838561161bdb16cebb8e3,d3be1775d68242e5a5fb193ca425030b
0xe59835238e63a413b93ba7b1fe65bed583266f97,92b6b2c739fac9acb8f2aa8bff7ee660
0x66e1ad7cda66a0b291aec63f3dbd8cb9eaf76680,586df460a8fcc83decb7a8e95f68b7e2
0x9a8fbc2548da808e6cbc853fee7e18fb06d52f18,e2dfa3ed9320ad945780487db475e175
0xe983ec9a2314a46f2713a838349bb05f3e629fe5,05c217da379027f470767ae4268d2851
0xee15e6c4c6dacba162e6bd8c6c7185049beba212,94ed7f5e94cecd8faef6ae1c797baff2
0xf3244cdcc765b15cbe1479c564f5fa31125d4fc3,81f9f5bbe351cc9feb99f247acc3c705
0x3b0f35bdd6da9e3b8513c58af8fdf231f60232e5,4e0750fd72bb520c0e8e304710a08c2d
0x08a978f37fc9ad00d36d0af65337bb87f3ba1014,a0e191c085efa68eaf06b08ab8acbfe2
0x4ec9a47932b5a08b97cef9c5e7f8b88a4c170f49,f836bdc74942d6f1e9d5fe9590d8d38a
0x60cd94a921c651723afcba8030951f2eb3ca572a,3b27c2348dc4e8efafe2a18c703de6c1
0xe4a7a0b9c8cba66a7c93daa8db517d654e05a9bf,b553a0faf25c22878015015889dcef2e
0xe2e225c9593920b5b004662a4999629917d828d5,7dc4ca61c9de8593facab35ce8382709
0xbe8c53078bd678076bacd07a22a6433643700ef2,3ff1d1d591d3004ce30dd4d14c39455f
0x1c6ca5dee97c8c368ca559892ccce2454c8c35c7,7d83ce6979b4cf9dbd57242d89ddd1e6
0xe5cd58085d5e581955179b0202b757e705b419e0,58a4f38174c632ec12f6b3909e415bd5
0x6a8e20c1580c85a98608107a42abb5814d8cf3a5,41ba72f030f2b0e9d1d801ba998d7fa5
0x3f381d9ea5a8bb11d4b6a6a7d6135e1257407929,18468330b62a01246ed3f0ac5996f032
0x6974d0992410f74c87c5c99fd26a215d8ea4a1f2,11e748a22071d3e7664f7131ed24c86c
0x015b47ab519851018f588a8f090a467b97988c4c,557b4c78ff51d77197d0f3e77fc95af0
0xc6ca680ccc1374e0ff70dc3398c0928b8e1ab292,222a7d9683ca3c17acdddff5bd6c7f1e
0x12a1b67bc18ecb3a4c3b55b527af237bc6596507,1fdf72094b1947ed4c19cd405fbe9da6
0x11cf19fd46b16cda960d0ea9149bd2c9f2ae0e21,1b54f9738a38be1acc527a495ef49a05
0x3e445e3280c5747a188db8d0ab7762838a50e4ff,4a5b578970c4a6f62db773fc46b69c8d
0xf6a86eaa9ea0f38f66b3718114ae79acaf35e02f,aa1dfd6447ae993911d3fdaba87b8c65
0x4b85bd29f71b364ae6183c9721ae5f596e7bfd3d,72ddb5a6007c4cd5bf9fef0db93cd060
0xd74034c6109a23b6c7657144cacbbbb82bdcb00e,367143cf70237cdf778fc337257b7e6c
0x219bd2d1449f3813c01204ee455d11b41d5051e9,f741b363816ebc23accf4a5834b00734
0x77337deea78720542f0a1325394def165918d562,5132a856d05a39310f5a8eb8194cb7f9
0x6c78d71ce7300343e3633e0c45d6c7a79fee4650,629ab3f3ca9d04d42e4e7a04a3e8f7c9
0x09576cb4ad396a6eb2ad01f8fe10e56bacb2b98f,5bc9f38242a45dfd2c3e2082789075c9
0xff426bb249c53282c6ef6f1973b07f175362e0e8,77b006c2d4c760ed0a5dcdbe922f928c
0xee9c589c78d16aa8e4a17e00e99a541f87fd067e,8331eaacb37f567139185ab895da9d46
0xdc6844ced486ec04803f02f2ee40bbdbef615f21,56e641d8db5722413b8f91dcd230c481
0xae1317b0aa98ff2716f7ad6676edd30562b39184,9cad5428797517314a8f8667ba0602ed
0x7a2b1304acbf93819b7ab3de98e7fe67f243bf33,909c8ca0b3902521d456775b742b694c
0x8a2795ae669476bf119a1a40fbfd75ca71fd35c4,0d6847ad1a7c7f176d8f17e015e1d0f5
0x55354ec91675394af75d8197924ed5eaed8f46e4,83c8e38b032e3c16e73b76ba3f5df496
0x32c868f6318d6334b2250f323d914bc2239e4eee,ca57429068b80ba83101b37bf96dd6d8
0xe07c0c63992eaef89173c2214aa40954566b6575,d0ed73a4f0b432a31a6b52c99ff044c9
0xd50b48c814b7de98c6618f34d41249107e616df9,656767bb4e5a7619fe72de2b979f7595
0x3b29e1398880ccddbf3d6df1723b758d943aa549,2f7bcaeac59bffc4d87dc117d09874f3
0x01287d009769e3f1e9d0ff61d5ed9802dcc491bb,9a652fc9bffa4c9e4f5b769556a16da4
0x175f14c8bacde02d93adaa3a5f633b2dcb1af11c,025b4ec4ee83f879a3c16b864d0ab674
0xfd7d7f80ec579a769ab7ae60cf6d9253e78931db,663c0c44728573c82863144f987ff843
0xcbe07abcd08c850d033ca4bfacd4fa41b1898382,7478d9f41e08e4454ea67a400fc8e94b
0xef493bbddcc36b4a9f9ab6bd2aedda0af2dfec8a,408c2b064f8036cc280abdcc67821ac3
0xfeed1239048714d7f9f16148222467fc03438ebe,3a2fcddb243de9ec1215be9b1cc73f70
0xc59ff36a781e5af9aa890510c9ce47336d7b21d7,dfc1219fec7dbbc44e963a2fe6c2a83e
0x4b7054c9ab4401dc25b5fd5fb602769ea8586a03,5755d915f0761129613ae05ccedff6d0
0x4fb817e3e4a8c0d69b71e56273861115ffa4e2ff,2302be4e832508f7cea6e5db92789759
0x5f54e90b296174709bc00cfc0cd2b69cf55b2064,75c6d6b32f381d8f9753bf92320afffc
0xff0e9437818258bdedd1aa374095968abc82a9e2,4954fadb1ef82b14ba6cb2c25e13d27d
0xf021025f7ba67bf5c549a89adf13c80aa295bcc2,87a544d762ec66055223208c04a31a87
0x469d79214fd0a141731c6596eecc0362e5b184a0,5420139650804ce17215632eed47ba02
0xcc00b641305c639d9f2b3c34067c69679ee1dbef,c80c6ab274fee393d3743eff23b7f037
0x1af92b6f8daf437f21686fde18d3d373a6ac0246,dab3d9e859ccb3750e9bd79cd6a10e88
0x1e5487a215b12f9e6bbdb0ce248bd8b7ae734ed4,2e6ff3cd3c9388b573a02c0f9b4b4388
0xd96cba5139cc4a7cb6e1201c0839bec2a1fe67bf,ed4b0fe49c4cef25b31ee49122723af3
0x69cd48f775e10651855cde0fbf4afe50a7d839e0,402e76a40d0a9599a77ea89b67182a62
0xbe3e2d76000a66b10634f3020e676794f9e4ef1e,89cc4cb6d7118678e42046d6f5abd25b
0x5c35badebd40308e409df891ac56d17c8625c2bc,ca7a56fc42baa2e66e8e2917586b521e
0x2d91dd9eec5e45cac44432bfe4fc9bded308293f,f2284bf5082e92a2ace63b985663e882
0xe52d0337904d4d0519ef7487e707268e1db6495f,fc2d5e593eab4565aedf015222110b26
0xfe7984863d20507a1ca6c8097cc6716ca468eb43,ad6c7ddd10c491a66d3cd5f5f881a6c5
0x46ac470ee1fd56fc30ddedf074466c2be25e735d,26f9405a5c711796e3c11467d4a085cd
0x25b43a8204427fb5a4e4f5338da2f6fd2cb6698d,c14ef69a675d9058f819b0d16005dcf1
0xabf85ddabd073a2f662e020fdc740a5cd3acf000,25e359afbf025160ac468c49297de89e
0xb45a09b956699b13f07f58b8d3066e13c87301f9,1f5dfd46f87ea60e1a1d90d1d54d6869
0xb0d2de4af41f53c44a33a43432580c0155a63bf0,aad28ff79e9df89183e61705ec848edf
0xd89119585c4612f2a31de9e9a6bb0513121ce7c3,df5fe12310d5c268c8aef41d1e712356
0xee577ce8625c40d9a0bf049d7875a60cb1651865,42967fbae8069f47f37f37df68c08bf8
0xe1ede671ef7d601c3ed8f467608cae20e0f53fa1,2e590d66df78deb58a66b7ee7757131a
0x2f24ff4b205b24e352b05139d49dca2e4cc5d171,71f97b38263aa8b5efc492479c29aa7c
0xbf88557839f906f2eaec8e7499a062e90ff4a560,59cfaba4d8eae8c21c8670bac9ba4303
0x364b6629182b8a6e6b21bf2d0f7c68e94773cad8,0b4a546b6980359531bbb220c8ecd11d
0xa559062226ad70de1bf24d2189e0ee879d58505c,bb2a65edd228efd0081fd3c24be25369
0x0209a9bac6e96c47890573fc2c20e485f198da9d,0e5cb898c2ec42c305cefd6ea1672720
0x4738eea9a63473f1ec74a6e45fb8ee1725fd26ed,6dabc0a4b716bcc3985f297e4f78c6ce
0x7aeecb831bae81eb50892cf8488d3174f6ccec71,2a228defcf7e18311bc0020f1c3de038
0x6ea5992ab4a78d5720bd12a089d13c073d04b55d,1058b29becb9b3e89481cd81b8f1ae9b
0x53e298109337c452e562315f17db4bf9d3386516,0394e0ea715470e6c83326fabd8fa2e9
0x65a7644cc264ac32283f5f885347cd5007b9bd96,d1a5dbed1e379676b8b8b8c091f1cb79
0xadb090336899b1f0306a1b1d392884aa87201aba,829487d26535dc14420f524cc077cb24
0xff062471eaf07b50fc1b77e61787301867610f80,982915882ae5d8c5372ff9e0bcbae77a
0xeb30a2d9f4e623884df27ad5a7c52f435f89f153,55894bf80d6e2283f83e6fdffc9243b8
0xb648c6f73fd94a39740348cd5a8c4a72d8e02926,1839c97429d0e358aad83ac703400493
0xf31a94b24bf578bb2877b27626b4008ef11f886e,76a6fbc9dbf9a2fa45d24d74bba8d0b2
0x97bcd3901eff94d439164267fc3a7cb608c309b2,7cd3954e51c93f9171ca44ff56ab6f45
0x0e6e11a91d4c1b5a5fecc0fa6d4940d635efb10d,c4b821696d45fc80a40e6b3fc409b08b
0x9bd924ec6d3d49030d4e390c2ee8274fce8a9db8,a59f583767100b9717a9afa1e43bb770
0x87b85e21fc555f8c1cee86a0dbb8ff2587e90bd1,a0224cc0b0f351bbeb38776503aec905
0x36c4acd6ab34a152dc82968432f414832d09d8a4,e7b525c50555d39fdf3727730e511a72
0xaf688dc793e75ba61694ce3e6167ab6072fbf7bd,4bec9f7cb6dd98c03e3a1c279ddd0447
0xd707ee369ff628e58c31597bd70fc68012618650,03ac6f3808ed61d1cdb276af719dff37
0x2b35cccd8a0bdd17ec2f7e28d8929723826f13d5,548b49f3cd6ec5c74d0c56583c219a05
0xfb83cbd104c1f9e817d04cfc86215bfa123365c1,dbc8956a8f9b1a013595d58b2ab1fca3
0xaf998d6e4106451eb215d73596891edb54bfdf48,4c74add84771ef092e01f35a8c1bc469
0xd2434cfad49603939ac72a45e00945356fa806e8,8f301fde6b8c5166304a3cebbc5b9f5c
0x632eaccdd87c58fa98df4dbd68986c61c4ce7630,d750b3e7bde01e45e0489f2529bbeff9
0x56c7e560dffda91ae6b51df1b05ddbf01d7ea226,f0728fdb5de3bf3106fe6cc8f492ca8c
0x72a63055b9aa997a4311d0d068170e38f5455b82,974a31520e54d614cfd7af372155515c
0xbcf9cb98bdee36e5d2f049bace7cff47bf2d64e8,253c109eb5e113e1af9dc3713e6d1407
0xb3f37e28f521671e1f368a1a06dc9dc7c9914d02,2b97d3b1dd370455479e5a6946424177
0xd483eb42f1addb133f303ddcfa4544d081f5d3d7,99a681db747be3ad81874dbd6c876dad
0x6e9aa779e2f8be2c02b182229558c70f49b7d6aa,9008dc2a7a8b153a6ef586ebf5c4b0e0
0x117df62cc0fb084476107dcc4cc44b46c5403004,223d6108e165e1b2f8e7488ba748587a
0x84d4a80be0f269ac83093c1ec5a7ccf3a76d0e8c,23335b7306bc1a0803827a3cd9379420
0xfb9331d7b84fb4577f2bfe424fe9b58e4ae3a90c,f0dfdf2f10d27b438f0e0fcce3646dc8
0x1f5f0da9391ab08c7f0150d45b41f6900fb4fd0c,5a99fafa1fba8c258370492d7d20478d
0xaa30167b16b41e3e85f126e8a9f41a3febba0048,8b6bd93ab02e98d9e5caf59acf4d4b48
0xfbfa18d203b9cbe65a8c4d0e6f24632b55437888,1279c4292bfa40eddb5af2d9e460d28e
0x44ed52f244cf3a1ce962efcbbeb0652d44358a1e,2420dd0db32a69d9a6dfd6162df5a153
0xdceb5da6787af21a8d855be6a5ec1977475f964b,c86321a1d04fbb560665c5a23048e2b0
0x9c6a04871d11b33645ab592f68c41bb2b41f51ee,b55a58ebed3f55b072540490ecc1f631
0xfdfc8d8248a343f20c90604103ed18b7894e4fb2,74e8fac8c0adc40fa6fe7131e707607a
0xa1014d8f6d55d9362320ca1a7a9ade4008593d5b,0c5e85d55b6328a56daecda8449a5a47
0x55a923c7fdc1b1a799b8153fc25353e5bdd97b47,38dd1692478fe564eb56b486069e431c
0x78ca39dbaa407db71b04d6081404773c0c4a6e2c,5d44abbe71b0c4bcb89505fa2f2e1fd2
0x2886cffa6f6554e31617cf4894605addf7d2524a,61b5413553650bca9f01c3dc9acb3ec4
0x83b627d5ed4b2eb30a5dc980bb7696a2fc8f528b,404c8532c90e41f5497b4376aeaf056e
0x6e222c95dd4f7346582cddc02845138a92af59dc,2e4909578ce19ff21dd70ca85b278fbd
0x44b3f04f6de9f493bc69559b936fbacf5988d9e6,c3b4212553afdfe56ca52e7c9b17e669
0x2937475ce88d2fc1b8b7dd5c7b6a26fbd7fe8d15,0303faf218a2b195e02f8a98f59402e6
0x70751f1773d0adffe242c7a92655137e4286d548,c17e966ed86fb5f17e40e6ffa84a371a
0xb9ae860baf9d2708f616c226a13303c5aba5c513,999625deeb0fdff623f07ed606bd056f
0x925a097f4cea8c7cf0017f46ed7032614e488b38,36b8f49c664007013f2fb9fd8ce946dd
0x3194c01fc64eff0435082ce0aecbba0c5ea29a70,cf1e1ceeb20b13d14e778d38ca07abff
0xd4b6ca76fb11c6c78007248af1818331c95f384a,543c0b8c1e22c04a8cf82a09f237975a
0x77409f913e3d5a6a878e42b858525aad688e7ed1,5b2e2d403aaeb59ddaa6fe2c1042914b
0xbda6232e90d6dbfe5c6eb62567ca4b4a90eaee8f,04a330c90493b634f58997407330fda1
0x548623325b493e6b40e3645afda804b15174cdf4,6d9c84f543858899a44a62f555952bee
0xebc70ed56d12861434d1b481358ef7ae4d626bf0,419b4a0c90c216e04763518bd9cc1738
0x8a5058100e60e8f7c42305eb505b12785bba3bca,6a0ebcf53502f36c6510947fcdeed9e5
0xd56930d79f1f805c135fa1a4c309a600131de69f,3474bceeb15334f4f8f3257e6a547a19
0x1b7d628eee764eb08d88ea2470b6351adf4681c0,30777aaccdd21fe69b9e9011385fbe5f
0xcb0cb2d22c529fdc9f6efff2ed21086104b21a79,12e69cfddb31b95ecb74ba3ff41b0604
0xd0353030484a97ae850f7f35f5bc09797de792f2,6a37c78014be48a39e9450b815aedd97
0x88bd6efe33bc82860278c044efa33364c6285032,cd89898cbedcd688bf49279645b9794a
0xed623d170af3c50a48e40c65b0b9de5e78e32ab2,34e38907607c098580db5ece9f0bae0b
0x61a27dfd4aa512d0666ac3095ad8918581835f86,a92be62d1fdb306e5bcda92782aa1149
0x606eb13fae70aae39e823c50cfde46c828689d09,fd7bfbeb2234d5e7c4da1829e2b970ed
0xca2c842f25ed6a171ea8bcd509e46e2db75754fa,369514ceaefbfccd66aa4bfe8a262b29
0x03f7724180aa6b939894b5ca4314783b0b36b329,20e124667e68bb4afc5d2d719b27f5de
0x69b9e922eca72cda644a8e32b8427000059388c6,4805a1c5bd7d784d853df85351a4c3ef
0x40f30803da042928c88c3bd73806b6125c417a96,27d05bb7ad54b221aeea321113cec433
0x537c356e9cd3bc88c10e3899f623704fdd80841a,c7e5aa46047c0e95baac88bc931ab80e
0xd1d967e54dcad47221a3388d8d6344ebab1de02d,856b2209f8511276c7777b93e9e3c345
0xf32c441ff6708cb6956109e4176737c406e90eaf,8a1bc1c86000544b24c19006ad29402c
0x161655e0a9d3e89d1cb39c4ba9ce1ff93ba5a9e4,657b281ed157406a370d79ac61216d07
0xbee0bfd2745f0f832f784f706bd3b86614551fd6,aa124caa070d9fe1fecde4a90ec0ea77
0xa907768665f977c1a03b8d196ab3ec5c81f1bbcb,05b2e0bda60811677bd9b3b2bd458106
0x1ce81290eb4c10cc9fa71256799665423e87b628,9d88fc2653df16ca220f4f1d17e2d200
0x9d555d668a774c0919e4c53ae9ab6eb10d1116ce,f82155f1d6a6ae4293408b611a8fe4eb
0xd6fcba20557628b504441b9243ae6f4644c77e63,ac7baa669ab2c2f347c153e6322404a9
0x151522484121f4e28ea24c8b5d827132775a93fe,4735fa94bf81fe2a5671e75ddaba40c4
0x08c0a0b8d2edb1d040d4f2c00a1d2f9d9b9f2677,c926626cfe9af69e3b9c7181992f3338
0x3348263da42decb32bdca8e27f7a5fa8534b47ee,5cb96f3e93d0bb6dc553cd96ef31c2c1
0x6b1acb7ec9af6109975aa28f42e811885e5e6250,d1fbb127cda1f1c936f03a184d3bae22
0x4ed3a68c44705a55325957cc27fa42ad6d7ae9ab,55c4aeee45c7c48aae716b66202eabe1
0xad697e996164cf20a8fa645f71645a1ff028fa72,58a5ba89db57528df532bf1dcc6f167b
0x95eff79af348ad4db280d0898169826843284886,0f970b42c5cc49151ef04592987dcb57
0xf737012c83c0ac5cc55df3bbcda7d82dd8c4081b,980d56d0a033913ca093ca51e4b6ba92
0xbcd9b4dafc0283ed9ebfc7236c0630a897262fae,dcce774724eff789740c92155dd409d3
0x0541f7536dc9f86708ae6e98ab35cc351b0d1289,f51a4bbf371ea26a8469aff200baf959
0x446d34abf8ac435f9191a7c1b14ffb88bb77f3ec,75cb037510f69c83363ad5163b3dde88
0xea5bb59a1b7051a97eef2ac0acc85785c5b57550,bd0b7ac8c1c552a1a2561b7ced65e782
0x1409e2a1cb402ad0a029117d2fa4722a461f66f5,cce45c4a999a2007b3b3ee38e253b5a6
0xf7ac2090a53cb7acd3dcab93f632c550fd309d72,802b98ee1cf1bad9ac771f0cbc162ae5
0x412e5a36bde71aa2c38e1c0e26baaf7f2f0bc24a,b8915118d6b19873a8dc39528a840189
0xc91bb4b0696e3b48c0c501b4ce8e7244fc363a79,7be4568de49d67c1b11342c037840104
0xdd05437d7c7af576b58262ae5ac6d37515168be3,63e11aa2a46d46376e4bf7aeb0973330
0x73f15ddd5b5449631ac11af84e57aa05bb4d1d64,a05faec441a0e99c9fc9ba7812dde60a
0xe157f642025f685b05b6861e0e43b49582fd2621,2f35f41d3fe16ade9df28026ac53adf2
0xc90c5ae146b37d822bf18cb8cecc5260331be67e,a0a8ad38d86d570ffbc13c4d9754b5be
0x7a250d5630b4cf539739df2c5dacb4c659f2488d,9dba9381a28accab5f5ae1e8012f8f48
0x776ca7ded9474829ea20ad4a5ab7a6ffdb64c796,fb45c4b30365d4e2c6fba3b4acb4800d
0xc0e1ac1111dd96357853893f688a43946ef7553c,6353a2226bdf49b8ccffc01c47d67548
0xb333af3b159ac218df43c9b85cb24a724b72fb45,07236b0dda152f057fe0cb7ae27a0045
0x763ecf71e6ab42cff7952a0cf0d9bf127e45f891,7733f8430c8177826f56d722654a3706
0x4a224cd0517f08b26608a2f73bf390b01a6618c8,b7289b098b115712edc757598ccc9aef
0x46b90d5fcc6b41244946dda1862e7c90f5a6006f,f9fffe44862a76b5c7815ac1bb2a3b6f
0x73a297f6273cffb3521a1f650d8c28bef64c6713,7982c42c775816ab41d7f08bf5fc50ef
0x882733dca3f64fc30b9b5a94f6417afbcebcb0d8,db6c063c91a6a08dc0cc6c82a7369f55
0xf12ec0d3dab64ddefbdc96474bde25af3fe1b327,783ffceb4a613c8a1886d474340b0fc3
0xc14d550632db8592d1243edc8b95b0ad06703867,59387d68aad90cbf015eff8d9d0c78a6
0xb72f87df6b5c004227b6a045fd451cb716669150,7a9056d8e0d9b78a56c442fcfd18dbdb
0x165d4b71ffbe26acd83bdceda51cb0fc5710dff6,d165371f075499cd6c86c30f8725de6a
0x1110f0c468f49025294048b2aeb7621408ce7fbb,6f102953e9139cb732544d7eb03c4d03
0xa77abd6039eb7695befb058126743c66d457b5f6,6186055e815a3a3e980c1281e66847b3
0x37d7f26405103c9bc9d8f9352cf32c5b655cbe02,dba340b0d5868756185fae4af60b458e
0xf18d3bb8ea8612fe9289921fcd0f14c8d3e39d05,da53e12ad5550a6f7890c84edc549694
0xab494489106469c9ae202c422df51f88ae3fc78f,9f890032c313e2a658b5af8006c9335f
0x8ba4bf8a739bf9e0bd6d6ea4c756cb789e6bdb82,52a12a574d013fe37fd06d01718b58f9
0xb68820bc4fdc468014b687a521ede05502fbdfed,f37c05772abbdc8f58c46918ec10b675
0xd318e381b97de6548e2368e4cf873421b7f2d061,25ab167193dcfeb58314f37524aab018
0x518edc741a94b217f07583cdddeb0266c33dd04d,e2e89a2418deec381462a876ee9a4531
0x3018234c038d524147ff47148baa8381306f28cf,25accb61b4cadc81bcb5be4c47f55463
0x86d7beb06908a2898ffcb535fe9c794be2d98240,de79b21efc8626dafd69577f67999d89
0xa9190eb4b853db4538bbc6d3b0df5d5240e38fd3,61ab60f0fe775ba07dba430f6ec8d834
0xb14b492c364b651c95f6dca6b313e187365f2a95,d9b942a23bcd3d4067d2f9d3e8b0dca8
0xee5404082f5122870aab1e8de2b3d2dadb8474b5,8c78aed942fe239b3a7f0f4c999b858c
0x6908b6ad04d1eaa1f81c8a15b5654020c9d69b7f,723eadd3ed9d7bdac61fcdd521f95ecf
0xbb7a3f2b59b64fa9785d9653fe253f054def3baf,805fa4d35449c6574a8ad25f07bf94e4
0x1fc3a06391503514b3347dcea066f972a3fb4a44,b5caeb2c1009aa477738702e90971c4b
0xe57130499e7f3e7fe53b1d26154850889603823e,cb4e586c701299750808e1fce913c3bc
0x3a902fe0c6558338b20afa09b77511edc5437659,acc6ea3c54999b135618b0fd05047145
0xc48f5cbb71a642fa71535012eecfead99e8c37cc,fa48250298aa23945fa0c6acaef958a1
0xc332c344a93271722054fa5805a87843e6a1751b,27a2c18b74bcbb6b925297cd291f918a
0xbda181bddbbbdf6c7a92f8946060478ddf04f24c,7240da1e1eac29ab1ded0340622f9a4a
0xbc9a00e58ed27a1342c12de77c936fb0f6d75601,25b4371ca0951dd129f9f40b99102a18
0x43b18433efed646fa19cb71c99c1d4d9799df23a,004eb2a30aad0b6bd8acfef258c6d758
0xea566e16af328085e75c7b4d3a007cf23f3f208d,3a6bf7bb791dfc9cc8c3193d63a92664
0x1e6272dc5fad6b0d2543a1895dd3944d03f3e05e,cee39916c842717b3c11665a14230c1f
0x96cee07b886ceee5b58bcc4b2cc192b4a77ba31b,d641aebe72923682ef9419ca2ea3f494
0x3266d4f32f935d6478ba6173df4570d376cf01cd,7f6b52e0a07d30d003ec0469eb77e2f2
0xc0f36bd340a0eaabbe0120f2f29f2c01b0633e16,42e875f05765bf051396d587d443bc4c
0xdd0585f07a6505f6b28d8b8f9ce18a6cc8716be4,a6d00f1d0c81e28ff5c24ffe3253927a
0xaaffd99d3e8c5424fdc91051943f07365c97f022,b1b7242610df5ea7a23098eba43c2d43
0x7f8fa2ca53e7737c3e89723cf27f4cc2606dc57f,81ac18b9ab47f490eeefad400b759c4c
0x679780ea3133c388e3c7efeb22e98a68ccf99aff,9a5316c7eef5a5dfc257d2850c94cd50
0x5389c0467010e318b581990d4a8222979fc001d2,2ff37cf5aa1409ab2a85e2378872c961
0xa537619e0b2c6a5e4e5db165a6cb69d8e9dd7b5f,586b9ad6e45c9d9dc643af75db0d035a
0x6dbde54f9a50b72975d2433a4e4987efcaa8183e,6894474c936c2e747c4a466a07a6fde0
0x710107831b01fa168ffe892f65ed9aa1e9fbd714,3f42c190f9caf0859fa6d906b59d7919
0xa24057777e12fc93ce8a12cae4846109d7d7caf2,93bb6b4413b31e2bfb60a3946b44f915
0x52ef28bbd7983c36bdc4c4d2f842db2cd219d0a8,3b14270fd219fed6dcdfa9b52ca52670
0x555f01ccbbfc2b9f36dcc7045aef685946bf8ed2,dd511985e4370f0e2b090af4fcff40d0
0xf302ca85e7c690ae19d98f8aa44af52f7f3086fc,4af0682d8aaf0def0ca340fd6b8573bf
0x880eb313fb143fd8dfe61ecb99144f0a1a04c758,5bfc5fdcd4d7802d314df90d2347f6de
0x71e0a6b4472a433cad1fa2ce880ecb78c1f94a7c,dbd8ced157beb64a710994581b4ed6b4
0xbb3cd560596c94fdbd212454e811c56d997a912e,38bb62fc77c532904641975822217ec3
0x04768037329a05bcb59515243668bd2d3da0cbb9,0979f949f209470a00bb33796b0163fd
0xb5e415cc3cae01567a7ed35f3510f042fe48d12f,ff74bb4994dbb72e6108cb1be7b793e9
0x8a2f4691046ae42e35d29af8d5ef9379545be94c,7140cf85ff2a9f61a88bd914fd57bd02
0xa007a9716dba05289df85a90d0fd9d39bee808de,8209e12e2bf79c217fdffd64034c7643
0x436e7d32d1c806d0ebc0ae88dfb1d87969f09217,16a85f5bf94c2d25ab6eca4460edb25b
0xaf4eedbd1ffd18f93d03c8c3022fba748534957c,85bb86b86f5f97c5f4ee2983b281dd6f
0xf3560c34f7bf6a859c50cac5d916036c01aab019,4cf298a4f8a9c398f64a1c2c9b442cd8
0x26a5595c92851deb644c1b3ede55a3c5225ee1fc,cd10eb1dbc92b268529375f03c186796
0x616a530cb97e14abdf59f4cc557c529264ec1e18,8854c959168fc85bd794980ba04160ea
0xe603f9087d190c0d4c2b385bfa30be2719de1570,f576635c95519cb116d208df9d329241
0xb2a482fe16b642f73afeeb90a519fe2b5901586c,af742ae221dfcf25d890689d0181b900
0x65c01002e6b2cf492de0d4874ff6705e295fc8b9,1c4f0f80e322fa52becef6c191ce0b9e
0x9ac136341662f8cc172dc8abd5eb29fedd94a5b8,c1922202594648e8c905505025dd8e29
0xff82f5338be6fdbfdfa52159b992b6e680e7060f,55ec1f7f4c1d22d2c149473bed2d5aa3
0x2ee100fdb3a86b5c163f51daa2449af1bd0c388d,529b92796e3eacd31457383da9dc9b90
0xf542194c48729406983868443ccc10cb7f9d1799,b161d2f7f9e575590b99fef4aea3f1ca
0x8260f1f34a4008140c37d1f9e1801ba2e98f8c66,fef8f87b4612a697441c82199f7034fc
0x85455fc1428ceee0072309f87a227d53783ba6a8,348bfafc3b19b2b4d4938dfb0c1fbf47
0x0a3e1c20b5384eb97d2ccff9a96bc91f0c77e7db,725618fafa76362bb117eae01ec97e28
0x691a269751ee4ef10ed3de20efeb632e2983d810,ad1f0f2f2a5a2ef602234671d4fb6e50
0x3174f33df204874d146ce7dd240df05f5dd01c6d,fc90218feb9471a36eeb97aeec951c8b
0x5d214d80a32c536865b155948cac3817200f7625,3da01c6afbd27d7cc91cf0a0ab5eccc2
0x13ea4aba3f7e26d2b3d8e5bbb70d3b0ee2e44a72,88d6842843223f8f63c52544f2a02ae5
0xe4fe6a45f354e845f954cddee6084603cedb9410,1f95ef18d7378c203a6fe13a88c66237
0x8d258cca7ac550cbb91e7fbb47c7d84db971cf50,28c7579132e052b20ab8426490fe550a
0x3faeb34ab68709dca02d6b48a03256317b338896,96f811c478e0d06a4b34c5012c03406b
0x1360975ad0df087f683efe8444016d233af13652,36089033acdb6722ba582e00d03c4dd4
0x855f749a2529e64b9df3ad5e51845ef97e7bacb5,758c4d020117921a8cc0de3793b7feb9
0x6b7126d108af4a60a7bdeb096067762ed86f8867,2aa85203ff6d82dc5058f1ea121a1de8
0xcf1fdd41fd1ae4e30568a566f7a79bf491146fc9,f32187fb78686aaf584055b5f3ccd230
0xe812aa9d83bbcec486a074897f8bc099c2e1af1f,571c09b6616e957a23df4321623c1cab
0x89a5cec88598c0ce4d4e331d0b027499edd3dffa,5bd3827f73f660f92abbd95d0fb93aa2
0x3892a041f7dd71363d70a52d23cafd991aca8635,ab7879149a07464ba23660c468a10ecf
0x4177b21813b7ccd5b6d753c612ccf02476f4d1db,2b40f9c0148f69bdc2073eda1cbf46ec
0xe8fd9786f069a8a4ac67c544d283e7329c7f08e9,b2cd2b433287850616c6989cb8b8d251
0xcdcf57dfa6efd5862b0f8f37a611876ca4aad3f9,b7f9c8a0e905a7278220a5fa4510e49c
0xa7eb68e7e619fa7baa1ee8f2ee02411ef3e1bd35,7b35da8c1bba8b3e70c541df65aa7c37
0x215f2e10cc645429c6360132bfd114e49eaded51,5168f10f19fec3013d6f93c6b30547b7
0xc2654ad857f85d5c681b3ab9ec4e834c3e4d5415,53fcdc55c1434c33dba3e6cbb26ec146
0xabc07006e8277c75800601a5bcd28a52ad1dde51,e77d955517722ae82d9a1e04560b0b5f
0x912b2e194f3207b01c8d884fc26aa30937a41b17,67972044f048d0eec69947bbf265eb10
0x49e267f8c1151ad3e5f696c7b393f82e32a6c881,a37e31f343ae7b3fa99fb2e9a1de3e52
0x98257c876ace5009e7b97843f8c71b3ae795c71e,b313cb4164cd873867758fbae12a4d4b
0x57bdd9d481679d7058cd933dd44a2076ac47f872,063fdf4a4d5407621a1b6408ff736ab4
0xc54553e691effffbb94090339931206c2f77e7ed,473bfa9b79605c7d176be53a8c3d316c
0xcc90fd4ddf5d2b4f9780d0fe24fc2212c7490783,349ffa36cac5d9718ecd35cbf2b36dc0
0x7ff9cf6c137df7cc813e6d9963ae607b698a1c75,6fc33cfef0973a6d04db68066274c8b7
0x6b8079bf80e07fb103a55e49ee226f729e1e38d5,e4e933b1cb8b21082543a760ebb582db
0x96551e0efa47d498407ba179fd8f04a87acc7094,28949204f730ea5eb313f3d06078944e
0x6241f89935410ca68336f4769e795502e32b5a2f,d70a3e58c0bcc5944ac76148e642141f
0x3a8d3d0e24e14d13446f25f3a9bf0a4093b4464e,682b6a39df17d541625e59203e02441f
0xc9f8878ebba65ab04743f374f57fb652981e222c,89b6a268ea5b787120bd223257e07fc1
0xe574b1b10e11c32d9752cb6b74d5c3d06bd800cb,1a584758262d4d3acb3449078d8f725b
0x8066cd7d9d53c0354fb1aefce27c313e7bc99297,9617ee6bd52044cb1e936269a217674a
0xb77ff862c4f02509d44a75c9543237d68ec6c1bd,85c21108a2e81de20c689da534e981f5
0x7f990083369bc83e07be4029acc5eed29902dca3,84c20be402f4b35014edcc4b1433a0ac
0x661e1325f902dc45a47feaa9961393723e2f3810,2c6bdb8aa3eade13e57545b5f7617138
0x131106b873dd0cff5a6cc9d3dfef470fcb454ddd,1fe22ae77e5db038c80c3e2f3ba6357f
0x0cf6b1ef6a4d3a4e47c1e4074f0606b0057c286a,b4f083890223b7b1ea5392c7978e3f96
0x82bd290afa5cc1b75f46822fec415e2be51d7d46,47c3df34fd95b734159feb94c19aba72
0xfe7b359fcff899340410f32143ef3e4636406b56,7b6f43c488adac69d4dfd87e7610db86
0xe4fd5aee958d0cafc09c4f5e0d86cf6c8773ff5f,1b986baed09624dc90669039478edba0
0xddf499e726bfde29ce035f6b355e55757f08b5ef,0caa2d6a5a08cf41fbf2f978f97f90bb
0xe303f7081be3530f66de12cdbe2a2e98c0939125,36d9b875bc077a596dc5f00b8728d686
0xe54c718319af4a973d1a4de24e43f68acbc28359,a328f2afbafc55ca33817a7d4a72b74c
0x0bbc69a7ddaf444d100bb9def606a66ca10fba69,f98dfa4e0f903e8fbcca8e00bf5ab5df
0xe42f7aea4788cf7198149e8e5f2a557af475c97d,3e15ffd8935e0359a3ada6c0dbebc790
0xb99ded1f7d0f0d0da78effbf4de9e6e8b3c68417,acd7ff5bb4e2c9030552552296fd39f5
0x2e45f9b3fd5871ccaf4eb415dfccbdd126f57c4f,4a041ac4a8b59cb0391702eedffb9529
0x0e906a0a798429fe5aa81e5052a5898dd0473907,ebe95491bdc85f50579f808cb1d95465
0x5a5af8362cf6c40fac12148e7abf5e320d7afb50,7b530b043a4ab23d7742401736d49133
0xfecb3ffca8bbf243ac669238ec9010b98424bf89,444929a7dde80bc3d3ab798f843e6017
0xb9b262334941eb374b2335a2bd03faf7e27516b2,01ecb9a2e1529d84d007f0cf4afa44b4
0x35e2a1d4bd22f6b2a26adc913e313506b02bfd15,8ec802ea5e52a0a4d9249a67a2f5c6d3
0x3f6cdd93e4a1c2df9934cb90d09040ccfc155f93,ab88707da2e7d9b7104ad6eabc612c77
0x8209ed0259f99abd593e8cd26e6a14f224c6ccca,3bfc97eafd74d7d17907ab426af20840
0x9de3f4847186677e51cc9e39e07d30bd58927f6a,b5883965747eb396cb3611d16c5c9818
0x797730a2533cc749c6fb9d3bf14d42a399eeb02b,969ee7b705d38f0909bb0fd2df2800d9
0x19fa4940b11c4f3074cef5552d93ada721e9c3fe,54fa8926146e9de7cea5b9420835af3c
0xf80e51afb613d764fa61751affd3313c190a86bb,e40f643eca75ab842e46a5af9176b3c7
0x5b63c3c6b259dfd3966f32514318d91a92dcf175,aa7d7f3c29de7b852448124789ea095f
0x16e58463eb9792bc236d8860f5bc69a81e26e32b,c9eb8ba2ed8e1d2c6234aeeba697c666
0x8ca6fa325bc32f86a12cc4964edf1f71655007a7,b69d778aeeb28ab459e0368c76acbc36
0x4416f393d4a5abdb48f399de0bf580cd92c003d2,aa9e0fe371905c55bb8d32fd98db76bc
0xff5edd692ba2e2edf96321de28f6802529c9b527,c8e543962b2f59a6a06049ccedba42dc
0x157ffe7f5a3f5b26fab1a3d8611d8046ad07e582,020e816c4e8facbd685daa9fa7cc7b17
0xc186fa914353c44b2e33ebe05f21846f1048beda,394c5fbd6701c0baa88b61ba21b9478e
0x2891b9b2cec874c46f252196964cbc6fe17ebfde,a8ec27021d6e88267e6cea7d60dbdaf1
0xb5b6b46ee6f6c93c41123f8edfd3f9506fef6bf8,51c2b4da97ea97ef5a9b1743ae67dc13
0x14b2075e6d5993ae10df843f9979296f4b6100c6,1435aabdd4ac8933087ab3fab8cd8bdd
0xe11fc0b43ab98eb91e9836129d1ee7c3bc95df50,b57822268d0c45f214ae2d4718e5a876
0x5e3385d843cf0cb37ed67486cef700de98a547f7,c227e5de7328d111d26971085c4222dd
0x622cb05a47bc297fbba5bf1fc517d71fa0e2d635,187cc799ea87807a22405d1134aa359a
0x8146824b1ce644394d824b360ce49e8915ae6c77,0f9ca64dc2fc2444904b884eeb15dd66
0xb944b46bbd4ccca90c962ef225e2804e46691ccf,9a4fb7c7295a5185b0a571ccc9f98389
0xfa45e06e8550820482311940d24db90c755804b0,94efaab8a944df44333c68f29d02bab6
0x52a96011f1de43583f3a79f058fd37b260b0b534,7fecc2e6a36040ab47e2c3c32f9d894f
0xe3082228168a256598ceeefbf1cfbe11998ae9f2,ce8e04eb6bca145b33f5e2962ffac872
0x43c13d05c29d02193c73d76b482be64620c43bf0,a8940c1f873fcb1649b70abc2ac6baac
0x2e0ee634bbf62df4ad1b444faf1163320cbf81df,02f8418e3c8c7e9d9a2e51fe747fb1c7
0x9559bb0e200a58c2d6eefcaf2ba91a3a756a1dfa,6cdeecf49e0e61617f783d583465c024
0x5b3f693efd5710106eb2eac839368364acb5a70f,046b26c2e2f8d77594935e2c4f66bfaf
0xd2db2f7b6ece15dcc2630ed5f684fc3aecce38aa,b7f7755e7ed9469075e8523df13daaa6
0x833657427eff3365d768202b986fe1164de13a94,e3d86d2d99a8bbf02bda375a76beb970
0x819d7901ccb7689a6d87dfe37e6f4946d71345fc,794df90030c8f2780b40a3a42345f7be
0x62359ed7505efc61ff1d56fef82158ccaffa23d7,5f7975c4bc5b94cee444041da23cfa15
0x37e4a8529104ea82bccec31eddc5e373433986c6,cf66341d72c80848edb448a023c59762
0x923391818b33521d753eed2b8b4ed23a1a66ffa7,6a6e3569e257c8f43e8ad1b83fb38dea
0x20355776b48364602f62476013be63599d931118,54b863d83b81ee54d4b24ca9c760bd87
0x3dde2e3a7d1b4e62d2e0cf5d16c9fee667d47551,387229f6fadb3d0b40894123eb25f6ac
0xe8b925f1f2d23cd36136f4cb878370646b020042,6a98507649c93c5ee9fb9cb826bea137
0x4c23720635b244d2ad67a47d3f12dc5610b6b288,92d09b071463a99550e31ca7756dd176
0x136b01dd3b5a0ffb42195e769f532540abdeabd7,d48efc858ff9e0859681617c3f944233
0xf42bb7ec88d065df48d60cb672b88f8330f9f764,0844fdf3905e3748bdb2007011c975a8
0x2b6b4030ffae7d710840dcc9ce47788971574851,10295652280b0469ff340d4feb3d8903
0x5900e9c1299851c9dede85ea95ed2b33d31c6b48,da12dee0ffdcd780d327b5516febaaa1
0xa866f0198208eb07c83081d5136be7f775c2399e,6ea2f21c3cb732e71790f302560ce94f
0x6412afcbb3618aad7f1ecef2f0884a92706a9683,83baffac6eec0d5281f17f6dee697faf
0x05c77eae36bb6178faddb958b51bc37cc025ab82,6806ec12abfd83b7c5fab134944411bf
0x95875951e653e0f37da1d1e6e596ba4011192a78,2e449b449ffdf30075761c58e1e6f137
0xc35da5ab8ea13480a939dd112835bb8825148b90,820679d9d3df860bcd08b624867c83ce
0xbfe3477d3dfbc4ebec072bb233a3dd35a4a61be1,6f89eb2e5f7de6131ca4ce8da5529e36
0xf771733a465441437ecf64ff410e261516c7c5f3,71a93a042ad49ea55c5d5ef7f2075bfe
0x0e7f69b4e71e10d498561e1bbe31127f5750d0f7,6db04c3fccf1b75dfc1e56d10fea8f98
0x68f1b730614216e4e7c5205fe4862096796aac38,e30ffe1ea5b6f7a796647ff345cd0473
0x564ea1fcf1ba9ebd151ec3f34208cfaf1062f524,58cda6d6c571d2eadfaeb01233f8ef96
0x3aa5f749d4a6bcf67dac1091ceb69d1f5d86fa53,9db7296519dca6ba88bd7eb8ebe70bf4
0xe3f3869ddd41c23eff3630f58e5bfa584c770d67,7e7a598a77be7b6c1c36dc4327558729
0x5e76edc1405aeae06100d389cd713ca79beb6a78,7c43aa84b762f5757eba9bf7330891ba
0x0e3ef895c59e7db27214ab5bbf56347ce115a3f4,5c4ede5b86cf22abe340f7d12925acbd
0x41d54404a20de005a3a4d5e72ca0c469a5d7866a,dbc87ef5866e03251a12feb9f703e6b7
0xb478753a2e2e94f9d254e755d44cd670900c860b,400b1faa91ec297bb40cfe268eeec268
0x9d37057489ec025234d365287afa6df80869059a,2e3ac8e4d6b8eea0aa6aa29ef0c24abd
0x1a5f2b45ac63b98695f124dec6b70b54a22281c2,1237a9481232252e31aab1bd4c37cb11
0xe0e4839e0c7b2773c58764f9ec3b9622d01a0428,0a7a53c62942f4a03f8a3cba1c993c5b
0xb244ac0f3ee2e9cae5dfdde5dab8d49fa467e1a9,ed7e04ce61512b9ebeb3dc10f29ef386
0x81931ba337d675cf7634e5cdf0bf80b814b7c436,91d359ad7ae4b40398ab63b629fbf548
0x055969dd6a3e87b280f263a2e317f1fd0ddde331,6dd48c597d21ccbadfce7f3a9d3edb1f
0xfa3d496236b895d45e5bcfc7a63e81547059dd86,9d1edb24ecac26d8df2f037035680eba
0xe1c94f1df9f1a06252da006c623e07982787cee4,f1fe330b2329010e8143832f623707c5
0x63da3b945e86fe2d1fcaf4eb138474e934e2b94f,8f13347ecdab21e0a6e124b386daca6c
0x54d8d0a00b8288b49694a765c59694dde8e4b931,d9fc7a95492d66dbcef86cf9040ee244
0x4841572daa1f8e4ce0f62570877c2d0cc18c9535,d2d484fd95e2ce3470a9a95d6af0b12e
0x43298f9f91a4545df64748e78a2c777c580573d6,f9923881ea2b1a161d9c8365e0863697
0x02fbb64517e1c6ed69a6faa3abf37db0482f1152,070298ea42d077142b07402a54e2aa7c
0x4c72653b2f0916ced776c6514926112f289f4484,478dc53447a0fa7059392afa170cd55b
0x256c8919ce1ab0e33974cf6aa9c71561ef3017b6,9e57bc45607dd975d658d6fad294e114